cpu_aggression_level,player_speed_variance,teammate_positioning_score,shot_accuracy_drop,pass_completion_rate,possession_loss_frequency,referee_bias_score,stamina_drain_rate,momentum_level
0.6398047935229054,0.40431812752099955,0.6950867563599943,0.18984254027979156,0.5643475158274832,0.33751500260626316,0.4448127276909134,0.2901969024545773,neutral
0.09377929371566754,0.347063107928418,0.8020135175019617,0.026034397806118117,0.8426816589598634,0.0,0.28814857903680763,0.34430795286943394,positive
0.17908311277412953,0.04788306679882334,0.9509039906080875,0.2595977091657792,0.9092805128465515,0.017143971917212647,0.18948477158883117,0.3089522065520808,positive
0.7066879426808402,0.5595087882496823,0.25824650721571807,0.874591279581187,0.46178657757627384,0.6001260731659616,0.6632638520992805,0.6930776452455911,negative
0.7337177395304888,0.46621846426538827,0.6446822854837572,0.250785565876279,0.6411716014936617,0.3960631647557416,0.4037567685384255,0.38909088969932626,neutral
0.8249524189712553,0.6800058880510672,0.24995573141442118,0.45083443910200427,0.5177010652632316,0.5434888317843584,0.7545561335275971,0.9686475314830711,negative
0.8835318307202182,0.925096889091129,0.3587542771094539,0.7441113781068284,0.5167452636363123,0.7194190635589827,0.8798813733199511,0.8497555141993856,negative
0.48024732044466545,0.5928182661264252,0.46272152919532045,0.22847111741551981,0.5955744547201373,0.3818951061072755,0.3039595657471834,0.5050219242760412,neutral
0.31084013806473454,0.4311654566009316,0.5808428256957141,0.28422036841506304,0.6294407003617655,0.3663509297019868,0.513028319965875,0.44922976735651354,neutral
0.031721360991348396,0.051197242585572955,0.5797834993644211,0.365126405827242,0.9080865458807388,0.0,0.10451900786688988,0.38280339907474775,positive
0.8263994116451048,0.7779667873614097,0.2674201333725108,0.8331351485735908,0.8160392985456459,0.6309674257884045,0.8277839735548949,0.7255999809453145,negative
0.01179346814574328,0.31179214734545935,0.7256952257029249,0.14145100478476233,0.9121024261861582,0.0,0.04155855982319376,0.40267102446125846,positive
0.3877163843375261,0.511741484540111,0.701036206733236,0.38686756507617487,0.5913820237894541,0.3713067319121011,0.585743898379497,0.36149211487773264,neutral
0.2494229167580902,0.22806653645895913,0.936878063269291,0.007795585921381021,0.8648563310467274,0.027967604675802366,0.49098357687465716,0.24437345595227739,positive
0.19854993749266847,0.2633920584179542,0.7677192196237467,0.3455453184791363,0.8645612909808948,0.03727057653953879,0.28979348485586365,0.3866919175135757,positive
0.7817387595248932,0.7150640613726741,0.3148362280554153,0.6503841673075621,0.4818536982941007,0.654456502164426,0.8944019269971552,0.6011069426866028,negative
0.9213275357268884,0.7595019175472953,0.24191570411880378,0.39603516127338934,0.4356947968231623,0.635605800732233,0.6227528053053859,0.7464141765943441,negative
0.6096862454881764,0.28894495879906534,0.38832919173383484,0.3911219080832827,0.6461947184703145,0.411886686264632,0.41537860873688925,0.5150360713553712,neutral
0.06755288727265535,0.004339336209892963,0.9525931138331368,0.0,0.9103512340799411,0.0006582679398575569,0.3216906653545625,0.3155180546517914,positive
0.21299677757213348,0.24726975072518267,0.964240179353606,0.1486764036218303,0.9078127656882009,0.104524603534602,0.0,0.3176618951054106,positive
0.514931373549319,0.43321030033137714,0.6073865198753163,0.3239388225246204,0.6282945638629613,0.3131835409266767,0.5172048492798802,0.44459890977920913,neutral
0.09590766979039088,0.18686707979679829,0.7304743549441294,0.23538676681055046,0.871600348968543,0.05766469023517061,0.43009713465038446,0.45614454897138373,positive
0.9411140184914197,0.6546175302266213,0.39996057301336924,0.9640486222257609,0.39318834193138313,0.5237776409571906,0.7162559248955532,0.9133075638664369,negative
0.15727193418126467,0.22779734540846025,0.8808410350669705,0.10230135189464713,0.9137156487618453,0.15558459310977754,0.20173761949841057,0.24997387339481802,positive
0.23061911812069125,0.17840089446534033,0.7969598686266425,0.05049293960532919,0.9025556271056335,0.0,0.25710456102341056,0.3250790225479018,positive
0.5338150826254124,0.6937043550157391,0.11153174890603515,0.641585269735877,0.5595555567283315,0.632982122352385,0.9852186249506047,0.7105959594089816,negative
0.9729361733084577,0.6867893492579126,0.19022242130828795,0.5538966070719221,0.6359684315251111,0.8763409272616692,0.9223901137303354,0.5335275757421076,negative
0.709569007392706,0.72911736185482,0.4021784322201679,0.45218401897793703,0.4423432107257435,0.5112376768821024,0.8397046969560692,0.6508679838076006,negative
0.8637036004480498,0.6057401799783318,0.2507944827587246,0.4901008094093452,0.3091142626668364,0.6805248555834791,0.8157227777207765,0.8096121567830167,negative
0.9866250262519425,0.509951250511715,0.24600807294639193,0.6823837628652931,0.5175674753803113,0.8110256534696315,0.8043280498309632,0.7161975206850371,negative
0.8135923312008445,0.5672436670944736,0.18498491259479188,0.6251966846021407,0.6507367433257032,0.528990519326539,0.8227824402684764,0.8437787229860114,negative
0.4271616945185459,0.5271165700241964,0.636051910402341,0.3933184696540081,0.7202030453566284,0.3527527166887865,0.7015874775406905,0.44843678823977423,neutral
0.47654296218535364,0.6199969776288008,0.5183338173843877,0.2772048401005426,0.5463655596747179,0.389604631644365,0.3170279901385756,0.47145873148838946,neutral
0.17796960769386885,0.4160270900801705,0.7113153020949838,0.11340298113404865,0.8825642117874668,0.028159202697160518,0.2631324184210898,0.2595514335266836,positive
0.0,0.3194940436186,0.7503609874482914,0.27122468326347116,0.9337071218966022,0.0,0.05489068134392808,0.41312893721458277,positive
0.12303792215332499,0.1607674987421378,0.9240651112417033,0.17330406072834598,0.9464043179157392,0.1287102053272067,0.4961288083475856,0.3961836711813803,positive
0.4618719838913745,0.32159140652706086,0.458085801423504,0.45722630882098625,0.6221626813651236,0.4475512895851105,0.6467853248771702,0.5612986839910085,neutral
0.6515110617737538,0.5385613059276464,0.49137812028522804,0.38784943108310455,0.6135415572370521,0.21767248627074703,0.5018545141991506,0.5892253928861412,neutral
0.39811183623745044,0.3471120064872972,0.629063813828577,0.2845853443726008,0.7673413862758854,0.3299638346285307,0.286801636278481,0.47734642081205475,neutral
0.4941910079050731,0.5131576851801174,0.5724903822133834,0.2904948968277066,0.4521542973634753,0.30814778211508903,0.39187405408880693,0.7460534211965711,neutral
0.04641144807715514,0.2600382900011487,0.8451202980407375,0.0940678643192186,0.8294567585560051,0.22309180005477847,0.0,0.09333770975169087,positive
0.7103772582485051,0.760868942941245,0.2853278028860773,0.5129027543191607,0.2620658727693651,0.7178247516459166,0.7458178403423411,0.762906890313463,negative
0.5719468052420729,0.7219563212535656,0.08898402797243257,0.6695586362591114,0.36668150325657495,0.921703056008259,0.5670335849787332,0.7702191683238836,negative
0.16588621582559052,0.12312527754804728,0.6302963438941576,0.0,0.8765092515941343,0.1448941063186238,0.19667905928523624,0.21317859432297498,positive
0.5811480894215798,0.37699168058408455,0.5832196947784337,0.19348032981465813,0.6276903109823108,0.3516456870693457,0.36168530794472437,0.6532556346329719,neutral
0.3274338633256999,0.21708947259154568,0.7369089513186384,0.12043095935244892,0.8881499110740467,0.0945340964070473,0.05296566095074956,0.22710498824963468,positive
0.523992644571364,0.49468554448739344,0.5984159603461454,0.21226730860569515,0.7530765939273437,0.5048824630988088,0.49561444471592614,0.5645913837521904,neutral
0.5058903399797179,0.5197488028648608,0.44739921228747936,0.3410043110997042,0.6049712193083605,0.40842579083376707,0.31902628599668736,0.5055774981345321,neutral
0.1944557976684204,0.33129015853156063,0.7578101243329345,0.15672192495412818,0.952534182529048,0.10862592642864814,0.29811713483906754,0.15921708614167845,positive
0.5774422379658819,0.4322619577089899,0.6353837976111207,0.2658098270754366,0.8194754569584025,0.47401403191992564,0.3945945813687574,0.6328556946520179,neutral
0.7810629590736946,0.6586823454747832,0.38400046909169616,0.7382651051058582,0.40395885922770486,0.8215459908134106,0.8369740747937445,0.6103956016275895,negative
0.20224695238278767,0.22221279025281193,0.8667456713814887,0.0,0.9148973802849749,0.033227932900025806,0.08950061442449019,0.2214726369833187,positive
0.32483297025848756,0.18884127273921952,0.8354504568300484,0.19712313003993612,0.84684123336882,0.15555871425110884,0.31092891350836993,0.3072190799071579,positive
0.62614561391034,0.7588656129819559,0.28985750888234724,0.6528536675306886,0.6480963718591557,0.6416876278386079,0.956195656023446,0.8978640790516205,negative
0.6098298648269799,0.406768001820396,0.5716530826079778,0.426760736936917,0.6050249233710382,0.445740995213005,0.6202437539530568,0.4775596310749894,neutral
0.5091771533672677,0.39720094057936056,0.6753756932431582,0.34846465401171123,0.698769437641957,0.3637087368675294,0.5302111160113021,0.453824833395009,neutral
0.43751138084468066,0.5773650651590321,0.7077947253956653,0.5100860224839773,0.7237588534678333,0.26668422466728164,0.457408114018947,0.6275157968065316,neutral
0.8256841670610179,0.6960784514355149,0.23816626787643697,0.6621999155144064,0.26320666575256746,0.5294309351766988,0.5912038018798652,0.8250703359102248,negative
0.6642270604037012,0.5993764263192372,0.4879807199158089,0.29416595592664346,0.4942498378683078,0.38849549138053646,0.547386821322893,0.5343444870112993,neutral
0.4725224032842419,0.3108323723408676,0.5724996395104762,0.3284209414966788,0.6147638084623922,0.23816800787958126,0.46502424543772247,0.642407744680245,neutral
0.9515765266749139,0.6965416129266211,0.266208509505017,0.5711148011945172,0.3489869252768556,0.6514962996783893,0.6841795197166654,0.9159700240570992,negative
0.3044349543362212,0.2499498294780329,0.840067900375548,0.05605216429949322,0.8756199326839564,0.10027628245732195,0.1119681763269487,0.21318033557998767,positive
0.1456868819285234,0.0,0.780439499775017,0.05479029499276051,0.8852284199212059,0.16872016108686716,0.07653140947822645,0.28048022742818873,positive
0.939791653856501,0.49970125565139967,0.39789453817963993,0.41569273281532587,0.26298586668335516,0.7750377790839864,0.7854216669496287,0.8729085340168288,negative
0.8402110180840834,0.6952743252896698,0.10243800718159929,0.41480531146938415,0.4450797034018426,0.7247327457420369,0.721760521924843,0.8797608898970102,negative
0.7878103316503353,0.7217223175975104,0.2955387778355842,0.5878303723667636,0.24840600416823883,0.7036242041170154,0.7008409648853995,0.7302696480810995,negative
0.5851504063351146,0.4027618970095596,0.39428123530989756,0.3413894659777462,0.5601152382056672,0.29246635515787606,0.6224741306847532,0.5342655626164643,neutral
0.30475062675924547,0.22036116840020376,0.7689699626892826,0.15656669814265506,0.9647290871013969,0.26533403202742334,0.11213448723579963,0.11499003576915018,positive
0.8081013021913194,0.39925472709396004,0.47336111136594156,0.7176775719571454,0.05664728559530935,0.7684801580812014,0.9829428248403591,0.8736563181351455,negative
0.20282782489577228,0.23327042513332405,0.8896249928163115,0.16663104822461466,0.8485280347674264,0.1666166274087313,0.22472737755904146,0.42543503244220526,positive
0.19024251688761615,0.22025639140662315,0.6170684786721283,0.0,0.9733518725462523,0.0,0.35650518880635873,0.1985246934348197,positive
0.7721538558256963,0.7194015535310596,0.25322091984333744,0.6328734118435767,0.2030979378883602,0.6220500549727325,0.9008877791554003,0.7761543258001634,negative
0.4308809570558,0.3404910192200816,0.5818035643837551,0.1737720164260787,0.5158092406513978,0.39457123215152723,0.43147163620948303,0.45646193061120366,neutral
0.5643669190270232,0.5492518020481743,0.4767372859928008,0.3910369538647288,0.5504656609775249,0.44013889159296316,0.5416839936536465,0.44149136964262203,neutral
0.8784941409187249,0.7331790358643285,0.4408922515928466,0.6865140320203189,0.053366966867267995,0.73303327380513,0.6535051350223935,0.8454399753190732,negative
0.5446963448268339,0.4918231406338395,0.646420696822061,0.22789634643320275,0.6376846433551868,0.3750161852183613,0.4956375670243659,0.476462566627665,neutral
0.8365246360959523,0.8241118644206405,0.30064864269053043,0.24227813026376505,0.2916581714982658,0.6561943568058657,0.6561615726261127,0.898559227698543,negative
0.17562423871790078,0.15240685362958217,0.7388727399436159,0.2597543082925269,0.8963461537493314,0.12793333695916914,0.31551442948380803,0.2655604955431712,positive
0.22242386358542557,0.1724990434841017,0.6549368287808666,0.25313927084781934,0.9115757258664516,0.012232913096129588,0.3569228798286268,0.11875450021947764,positive
0.7539601609935258,0.734934763685847,0.41511200182946917,0.7600146353622881,0.3474509817187557,0.46890427692623043,0.7237251128329062,0.983450455552096,negative
0.4524839380365642,0.5139649343188631,0.6049977801865845,0.3871513307016878,0.7272055219455124,0.31706666703876335,0.4418329515464069,0.3970928512961083,neutral
0.9065253734657743,0.800528417065419,0.4062186638611884,0.5635445883685052,0.5363878613067562,1.0,0.6249780381894356,0.8706967607476236,negative
0.4835684909510684,0.350533613430869,0.5479198163338178,0.5051403607945119,0.5654341907000543,0.38127522818849874,0.6921614400291216,0.549089678434402,neutral
0.5239490860815718,0.42393148762498856,0.4812895184277204,0.3737865992077603,0.5986406933431143,0.2029987458991496,0.47009087230002755,0.3464646039644436,neutral
0.48830842560148996,0.5908404719103906,0.4150579639511397,0.41931490721086506,0.6650530795431393,0.4077463544093029,0.3574242585072056,0.5100191836078148,neutral
0.20643451539105617,0.2662508552134528,0.7208263290766088,0.03229378780241715,0.8960960670996242,0.24393174656018526,0.12231699459757134,0.4232164866705868,positive
0.4662132911702759,0.39693224298677593,0.3222805567285924,0.7440603513833012,0.36998506678442294,0.7950843769144894,0.9027388131969953,0.9072973075196127,negative
0.4339731071553585,0.44675552995083556,0.5733668083955252,0.3073210890502225,0.5366656577484072,0.2988574602258422,0.5946972540264532,0.6347528746467562,neutral
0.1456979362177591,0.31553844898177297,0.7648646127429867,0.04032231363255534,0.874569263849785,0.04801171820624748,0.47376149833489506,0.22591972531352755,positive
0.8374841015260712,1.0,0.46452186812197255,0.4780525167641032,0.31718583410772583,0.6794512432389896,0.7117961411957007,0.7512791719462416,negative
0.5418362267639755,0.473796799724623,0.6818704740744428,0.42330395892663897,0.7619198828720812,0.3024938369873194,0.4990017306591249,0.577412531435063,neutral
0.17727232383153108,0.11136033365429225,1.0,0.019870961174450738,0.9453557385539278,0.21128232986093654,0.42821317538552006,0.2807099053342348,positive
1.0,0.6932055849343967,0.43907902082582917,0.6813421124734443,0.3138352515096869,0.781397155217059,0.31003762667778534,0.7662019487625686,negative
0.33424822573021723,0.23076960842383418,0.9278749393041268,0.06964259623733601,0.9198434789837713,0.15745635171994743,0.2523715252831312,0.17186383332316144,positive
0.38540485085080795,0.33167868512639515,0.554987604863517,0.3361694511494336,0.6975309015384868,0.3638714876876703,0.4317583583729725,0.5010654697311366,neutral
0.772449390554751,0.6440909480847942,0.31054417606429896,0.5929953653992885,0.01922025165006741,0.37096688364274777,0.6890320646914779,0.8092488077265753,negative
0.5201427407012356,0.6132727551179095,0.5608412882103322,0.4075313774857627,0.7253926947611047,0.4366641075448707,0.49571196329898637,0.5690067104380337,neutral
0.6482193247118906,0.7884715660040349,0.1160579579857201,0.933969062822842,0.29519697752380175,0.7763807436726585,0.7676861330028912,0.8119900767447145,negative
0.6592848216983087,0.6442049369758952,0.5108240495665339,0.3393052724244675,0.25706535284144527,0.5976434592262285,0.8463347768441764,0.8509554306670642,negative
0.7385054149183592,0.6390862661347385,0.4076932447677203,0.8047895233425105,0.5158470066974744,0.9441671995223506,0.9430775797503994,0.8497950687616319,negative
0.09775658768309764,0.3770277501682528,0.8623174300465678,0.10648445486166487,0.8854793218787236,0.0,0.0,0.22914542959204276,positive
0.5784001268733358,0.608305589793322,0.49478088984074975,0.7335094007685528,0.8798979202814594,1.0,0.9426111663560536,0.9941455315287957,negative
0.8731082817165089,0.5615292453303283,0.20866237773921115,0.591362928283853,0.19337898386093655,0.6987762150312093,0.6588909828897336,0.8154397629993883,negative
0.10844491252939632,0.12039459853704511,0.7968444560375227,0.1966007747588577,0.9559065278828544,0.06518499836638575,0.25206469715069446,0.3997229763507381,positive
0.6152093005305354,0.4109174253451388,0.7011619113295059,0.11101547439674225,0.653157635866839,0.32247955783760035,0.4847124188013912,0.6495809748256595,neutral
0.48020544472546145,0.5863075091862482,0.5847520205430171,0.2415871940126761,0.7665097757653411,0.2781697647281089,0.6653390869862681,0.4913940657269779,neutral
0.8184297815746617,0.6459599832836527,0.4545025335864278,0.6291922599968623,0.3832753836515874,0.8208703019875444,0.9017144184519376,0.7896611675299656,negative
0.6160151198214437,0.5018687772079233,0.42747400489421367,0.25503622676336135,0.6657400374506949,0.4180881720000472,0.3309784384848738,0.4280207662913603,neutral
0.8221418368915957,0.5923567962245276,0.18743032346928196,0.4623314549735859,0.3098646681359054,0.44825429666300665,0.8537203124303079,0.8918989725260341,negative
0.7513703283710979,0.5765326044859298,0.16622449468244924,1.0,0.11041551692298562,0.857797236326474,0.47398831077850373,0.8923533971623936,negative
0.335157852278811,0.14016857314359146,0.9010486671762155,0.1982338947160497,0.8380174112628469,0.26403230208710304,0.36239764864194746,0.24462343201979364,positive
0.22738722185699162,0.2363032217016063,0.7000340538195784,0.0017494101753455366,0.9245849209208308,0.08860929886740021,0.10136621624655472,0.2749410419724855,positive
0.3857364330527141,0.2011037131324958,0.6353773057678197,0.2035632313433779,0.972262877767679,0.0,0.205828113318491,0.2523605117593205,positive
0.8445829667183202,0.5991635945039347,0.3142665977697969,0.25744685444607757,0.23398400075847628,0.9528072469621169,0.7321487965905273,0.7170355213788255,negative
0.5617492682790587,0.4565121142889531,0.5332732500614205,0.09897591721044269,0.9033168707668924,0.48340532613345566,0.3653992153328166,0.5911587724012046,neutral
0.6631403243851342,0.927078346418816,0.26988640253305785,0.6597302537584689,0.35646827766784533,0.7366755983519028,0.8866538423103496,0.7868559268806637,negative
0.574151115197928,0.5975657258904257,0.6178367134840134,0.3417318305619762,0.679101413523578,0.5182611546562832,0.38395785393574505,0.565406381127064,neutral
0.4838738807076936,0.4476923993406506,0.33249462150132836,0.2861416008619756,0.7850980335735566,0.34359161878359307,0.4958877901562217,0.7314981121074416,neutral
0.35753622893845094,0.3438458367332816,0.790623648411538,0.0,0.9782254328954846,0.0,0.37015756142964573,0.442052368517166,positive
0.7322607462345962,0.678600988231667,0.2968339969535025,0.5003225904152395,0.41921874786087704,0.8116254062010517,0.7805925355023331,0.8540137474620465,negative
0.8824563528379277,0.6610692317063506,0.267360285541154,0.6963477387731049,0.14427856614832468,0.6719900068069856,0.6370939575893316,0.908684469430881,negative
0.9401963638497137,0.7563634411153515,0.4311142914875504,0.3971836081846548,0.35104517747042585,0.9303818699466408,0.8781905615554957,1.0,negative
0.9094746918966117,0.908717765667753,0.4133494028653437,0.44126285175491764,0.3318032747828764,0.6784443270350199,0.797638314577784,0.7250251598993802,negative
0.6396960728205562,0.2789316475395077,0.7341959141414665,0.4415727638124852,0.7747641210630756,0.5964745792206942,0.5576196855495982,0.3831647479247299,neutral
0.0,0.2071083062247439,0.7596065009625559,0.18027356163022962,0.8171169462906454,0.082867538186748,0.23291428289336985,0.42437770136422076,positive
0.7262453191904004,0.7153965496458775,0.20091550421865112,0.6020500146179011,0.45065332111829415,0.6954403498240396,0.8027560399407317,0.7713782837123052,negative
0.2260798795872474,0.2811049838401646,0.648981176223553,0.12869345010833957,0.8204183356254089,0.0828876714199703,0.22876491437873983,0.3144475783645411,positive
0.30111770367484597,0.2614789650496153,0.730152681657666,0.08593918104455144,0.8087542043541687,0.13038860083974493,0.0,0.26528657102154496,positive
0.7685973535733724,0.7677792997453308,0.3141668197928504,0.7403216810169926,0.5795479564359707,0.7816331576685586,0.6241858150864589,0.8114154820577841,negative
0.252684104750685,0.2798452210457063,0.8402753362772521,0.15266995138522108,0.959598567607975,0.09390664103761459,0.31315562593724633,0.4967753972032524,positive
0.1663668232509379,0.16239693477294947,0.9068554164888506,0.09988578430206382,0.9483729623963311,0.04142226169865906,0.45256561981804144,0.3188303786754505,positive
0.9261601627928877,0.6057403863342835,0.1471833165022913,0.7813247153070979,0.5167294846558106,0.5923975837928653,0.5373566910880786,0.8612635574188229,negative
0.8960487565677726,0.6064785937619375,0.27355497259130024,0.3715694386903442,0.3935610980143777,0.5934923179359021,0.8736326708228611,0.4711234446755965,negative
0.24059503227048756,0.09558372027076167,0.8563422049684408,0.0,0.8363251246634129,0.023690350342614436,0.20654957591081813,0.26804938748749596,positive
0.12547317680530792,0.11634583705550232,0.8519915787418016,0.01997711895075449,0.9286925713313098,0.0778396571921464,0.1948644086958325,0.20091754350545749,positive
0.24856306605677414,0.2590956638809707,0.7972923246241628,0.09019738173132369,0.9582057908714378,0.16291293822758585,0.15416198525297192,0.33745848224032704,positive
0.5494719212434676,0.21194499374971304,0.7274757137559534,0.09864465708969213,0.9105707820770722,0.2655006152029311,0.384036828285108,0.3538508290532919,positive
0.6153741790197957,0.32464787781909643,0.5907701510426908,0.30455711243140615,0.9759388089166048,0.3206693862594323,0.3533711137632542,0.4193748749113966,neutral
0.9330107617091052,0.522530832553592,0.13279780588768467,0.6652612257309231,0.40479022071808807,0.8350090187339267,0.5149054883532402,0.7029276834142327,negative
0.24765279996825984,0.26010051553167474,0.6766160636525873,0.1533107813534353,0.8692495446576095,0.07471515461809553,0.20185355208857678,0.4921549182468766,positive
0.07269982700266747,0.06684294219707004,0.7893294765435831,0.0,0.9532089949005965,0.17124669382280694,0.10425251867291509,0.2731916781340631,positive
0.9795896422126904,0.7033886534461532,0.15030756181309574,0.6108775930148985,0.23418322701989816,0.8607090848958653,0.9517031009931898,0.7783680018671819,negative
0.6960259886674344,0.7106673756232834,0.28753836943778105,0.8268428681359397,0.37039152329961345,0.6629136299555465,0.8220872043679154,0.6505611121896863,negative
0.30627174811974245,0.26186662465076,0.7613146360080042,0.3802274124486974,0.964258610950813,0.01599676691088263,0.10569197089695365,0.3332526304094098,positive
0.2977761910370442,0.21180457071076855,0.7784003913993758,0.15935881445244732,0.8744928380177793,0.1355426495358082,0.4176558565294195,0.19363709434002585,positive
0.0,0.14691203405707048,0.9009935639973474,0.1686394326759567,0.8888325127252753,0.09890084092659111,0.0733602931662902,0.3175049540168821,positive
0.5926785286407169,0.20091871887068707,0.575012316570375,0.32763079366833664,0.651034341494807,0.17790491024980223,0.5283009249369887,0.5882218354989149,neutral
0.37615079696607545,0.2200438722419388,0.8034433605408864,0.0754063804623499,0.9844609522643971,0.06905158856077176,0.06273540156772281,0.27520526214774466,positive
0.5895422798894387,0.42278460615029934,0.5040070795317089,0.256378879860199,0.732286781396517,0.5259336740736154,0.40132175495720973,0.44619736764282086,neutral
0.8734079885524195,0.9142435505430935,0.2917259174416357,0.33146072659635334,0.4910678727648653,0.7760342753546844,0.8705167178641077,0.8457201880443422,negative
0.11177449741820956,0.12726826523675233,0.8002803568637303,0.026926322145457746,0.9110270031746466,0.32183542302115364,0.15660193926356628,0.32166285436245295,positive
0.3512059697514105,0.19109777812948822,0.7303396782766026,0.06954552980906054,0.8879074639401217,0.17895692500875898,0.0,0.36545244101826246,positive
0.5155487911609717,0.47414582461154225,0.5396560934449769,0.32503984268698627,0.7638225934271842,0.38463135079308436,0.3969305164195023,0.5840712180967205,neutral
0.1663862934387406,0.3051966321105589,0.6943948457158778,0.14756236004406004,0.8594163489080718,0.0,0.28583466904948523,0.36631907074900905,positive
0.3103186814695047,0.2359485635965445,0.6974114274780878,0.1384511102078434,0.9801832622531066,0.004053023299837172,0.0,0.03956320501063382,positive
0.41173206726140044,0.2777765132003349,0.48967528347289613,0.2717869740837739,0.6693613912736114,0.40385824310035623,0.5769955888638267,0.6953807160115244,neutral
0.033011850010891464,0.0448673547868223,0.8182856881875503,0.2295711811901134,0.8891553011011768,0.0,0.3302732312919705,0.38963849327486594,positive
0.4386294862969897,0.515387735345987,0.5751271824272357,0.32760652647241534,0.7025815504530587,0.23890545939693292,0.3701662710610285,0.43725070016210466,neutral
0.5082213920849951,0.5007111905169591,0.4976245882630014,0.2932583328103396,0.6460914195304651,0.46858076174979857,0.20494232828425743,0.4246227161548557,neutral
0.1970761174601187,0.17847837082749504,0.7094195197124367,0.04279527455647461,0.9102757845916839,0.12195903432574806,0.4307267101597436,0.35345280469536,positive
0.49255334412667107,0.4461715426615324,0.5871523498410368,0.2837268127437896,0.6414093070125019,0.328258635001135,0.40637640135272235,0.4182624532305208,neutral
0.20808017221763525,0.32039340159866125,0.7099483641088924,0.10894558660541334,0.9712617445704,0.09679567805333789,0.14267303842931786,0.4274378895595423,positive
0.5182842003491431,0.2802160219881821,0.4352380366178119,0.31063247379895853,0.645138617425523,0.3357124191982019,0.5001834607194662,0.531203061291788,neutral
0.7016057285123187,0.5641931547969311,0.2569153307838886,0.5502236171747881,0.2500271322291797,0.45951533684797885,0.8877534874040818,0.8837637525802772,negative
0.5366601191924877,0.2796999883056618,0.45801681547852346,0.16613269826533053,0.6087231149748523,0.2681738829214805,0.3971236020852314,0.6728617390832529,neutral
0.8604834728757248,0.9127912739001905,0.2979690835652599,1.0,0.19229571130701578,0.5572206405019412,0.6448845061008451,0.6644818061947864,negative
0.8624806148123705,0.899771810224423,0.5069551656187008,0.5865340638752746,0.5238526632263001,0.524358758121302,0.7664441771416931,0.5840011533344577,negative
0.8991424069132969,0.9626478615102629,0.1935077673880069,0.6229501576502973,0.4068978640351432,0.840243721753914,0.728415928878692,0.7036098804010446,negative
0.6996476703808393,0.5515686184381513,0.28881004774828717,0.1971198605263838,0.25006626299662676,0.6750215692127144,0.8887170082862985,0.7555078287722667,negative
0.19664280141519047,0.03706677535220079,0.7998459362996025,0.394787342015794,0.8522900920270904,0.046934117510581644,0.06388726121522076,0.3351218500370248,positive
0.8235609789512749,0.8067381420688082,0.3199810751935537,0.4714128625881886,0.26021365027021437,0.6205469764925025,0.830844470994468,0.8198566341939685,negative
0.7946512236531116,0.8295104218924302,0.4168435058959126,0.5954042716233567,0.4625953564768762,0.660782895938182,0.7778463498837088,0.8541276280503165,negative
0.5586907859893024,0.45308006042642013,0.6231687859675887,0.3822989268101894,0.6544391982184217,0.24641852708470188,0.38056081305574196,0.38202828163803887,neutral
0.15704126181727798,0.22672136623679234,0.7187462972404203,0.09734526436097272,0.7716944003831915,0.007971653839439707,0.5588631342585761,0.35237416751102935,positive
0.3592984133754532,0.3099429320117707,0.7847665270622188,0.08599841286959778,0.8850247099621231,0.0,0.13024010179348022,0.3919475199433754,positive
0.491958801596385,0.38809852125008487,0.7347851030174045,0.5273392248795646,0.7388527138755462,0.4299269383624842,0.4105330771071995,0.3636182530122,neutral
0.6466775319387854,0.8763013054440618,0.3538960676926518,0.7456090232020092,0.4726960452312963,0.8134626905815026,0.6921604761967799,0.5935024824600146,negative
0.20716075830674568,0.19514616465687404,0.9097850382357149,0.0,0.86343467427662,0.12638432252793294,0.07984404901810277,0.28665792169967735,positive
0.402924028405389,0.3775476061545999,0.39340304571109685,0.24825381050178635,0.6504513581081371,0.25701219186196583,0.5809351669329588,0.5522383057373482,neutral
0.765580922736633,0.7067611626122506,0.2570902408892714,0.6184019567968068,0.6232926366662177,0.8898407688137524,0.8775988212363839,0.7134402856167362,negative
0.6721509719498827,0.7826752617557061,0.16990746370008852,0.6177881499514686,0.25770822691887185,0.847823359021511,0.6900632839202024,0.6820222999039958,negative
0.5469882715798194,0.4956479721111487,0.43443117412184845,0.15430295862144527,0.5935900374933059,0.22305034946005525,0.5377818401975756,0.5367331090534585,neutral
0.3991477849792959,0.5483461328834948,0.28128018226150525,0.2564621542134307,0.6787262747056482,0.23158856890479584,0.3772343520075386,0.5534195324783584,neutral
0.046227312980939295,0.025110687207028637,0.8353961598519557,0.049883777226937334,1.0,0.13601114454257573,0.20502437014845643,0.3708869252276751,positive
0.3377502652894542,0.19960417047297396,1.0,0.17833819200762968,0.8519325592756087,0.0733198887541899,0.12644846402909538,0.25316899623987055,positive
0.704871475110225,0.6713914803310486,0.30848105036693935,0.9882996548676368,0.3470904595138295,0.7653332491024135,0.6437293202704447,0.8484873302615008,negative
0.8292432288516242,0.46118006914409054,0.4049135039886697,0.8803619707072852,0.6165013622302511,0.7508560980203101,0.3291347552617429,0.9201858846049052,negative
0.6474496874990587,0.5854608526417291,0.23082026917589382,0.45097578052746856,0.4318033555911319,0.6750871200245239,0.7171517189134688,0.8282866661212814,negative
0.35064643830155917,0.3087531004679085,0.6040993767647187,0.10671928181548716,0.8632144051465003,0.12298611614798666,0.036313069741651355,0.3030369689352676,positive
0.30019934921895475,0.22196783045820298,0.9338269880332981,0.08483397388917126,0.8980096719815969,0.12389965107995325,0.15286719345962593,0.3967763748004115,positive
0.8060430083375529,0.8299863560434408,0.21771834729411696,0.8495438703444256,0.1577791389113252,0.3703770262218771,0.96656530896839,0.8361610897296514,negative
0.6119346923216902,1.0,0.3974467235301471,0.7372446206379571,0.46385454743153365,0.518974271326803,0.8816658294946763,0.8505516351476273,negative
0.9961155893744695,0.7489785401463704,0.37211743662639674,0.1581372401675002,0.4093088795590244,0.7536745838277866,0.7501834292348568,0.9225706704157528,negative
0.16099427456357054,0.20147272352310866,0.9258116486945628,0.0013389884788702344,0.9355405081325463,0.19553897768432377,0.0,0.23169906742536023,positive
0.0937401476937026,0.13340028142580523,0.9287119773145585,0.11223682856532344,0.9701889795135524,0.10525303253583083,0.05441835696048933,0.3921548249883753,positive
0.0980856700455785,0.22169076405287103,0.7093182632228138,0.15076332718608326,0.8154145661502743,0.1424910939945846,0.0,0.3580059363872539,positive
0.1721955549649092,0.18853131715601928,0.8281822951389741,0.3372283998016944,0.8247974576401391,0.13721757205971483,0.0,0.4374698256206989,positive
0.24190332171160117,0.20885591296876854,0.7249277934985561,0.09644305027036856,0.9352730665529068,0.2238929879160331,0.12077292128946188,0.4342094885701572,positive
0.42485699883298644,0.3519782742674756,0.5145661112486005,0.5949332712096531,0.6860643596679631,0.24097477172491855,0.2776104697516379,0.3705416279612827,neutral
0.3013927675230478,0.25606001307548865,0.7627261644191863,0.1478232707976094,0.9140380249435477,0.24209092129088786,0.23983536380989037,0.2793900043621101,positive
0.4729275070876334,0.4479560651432346,0.6646392811223334,0.31336042191247504,0.6167647474354401,0.2713213052674056,0.5774422886279148,0.47777273234585804,neutral
0.4479300651903594,0.5015769933519622,0.6802600581802052,0.5057417383769482,0.6135204529637754,0.4436321011988466,0.610874231799333,0.4660719582792563,neutral
0.7804655322066596,0.5157754422787784,0.42612416718210966,0.47377015422442065,0.3784274046071943,0.8836567031876628,0.8792247064013018,0.7250868719514589,negative
0.48250304941944416,0.22780530032970497,0.4555201066892494,0.28953599568411376,0.7003237554096812,0.5373996734839435,0.44276042454293596,0.41232851641881874,neutral
0.28325657058399534,0.3004332280954758,0.7727409740181422,0.0,0.8519779687775837,0.0,0.37942550918924134,0.23933278804670002,positive
0.8965291391743079,0.710807999361996,0.16155201026249763,0.8098065182277999,0.1262098441956006,0.9803330548900309,0.8016879402676185,0.6958030349303812,negative
0.22520527729926978,0.1613759032532054,0.6696088331535615,0.025887166054378227,0.9536519426455663,0.09522470282416695,0.01192946593741015,0.40119582242780694,positive
0.8384707496659407,0.748500530612671,0.31249140765963124,0.5312483065395521,0.30651426117900094,0.9533393564603967,0.41572593644240063,0.8093290251138916,negative
0.13269020199964074,0.2497942215834088,0.6766381443328952,0.05758324063800527,0.8699968293625236,0.053838552622362305,0.07349059558645538,0.3601819812873581,positive
0.5405194134083174,0.34717191408180587,0.6054569078906464,0.4894978255864585,0.575945137269018,0.29764761924569616,0.5118603422443907,0.4203630173907317,neutral
0.1696684231601927,0.21573310242467464,0.6235482792268578,0.07087545656651231,0.8850424469465541,0.02438937545124359,0.11784847949220406,0.2601998120632369,positive
0.7771924982202378,0.453814672767736,0.1478729301699873,0.7592668692678419,0.5058718543611398,0.8519433729532562,0.9210975139411296,0.9102231565625315,negative
0.2959423872241223,0.27048246940490434,0.7968738948563437,0.0,0.8675183677416123,0.06143046697861174,0.32903728267904897,0.3377447733637656,positive
0.788646869154349,0.6663877881700815,0.31534052685488223,0.8441325898602652,0.30104847167681825,0.7470942625816829,0.9801002837738965,0.729380283451711,negative
0.22810216915079487,0.20488096569223507,0.768103253925964,0.0,0.9798297469218776,0.11129670482937856,0.0,0.3133862023319078,positive
0.24990882633805003,0.16103119518581038,0.747701160160588,0.2125354254189817,0.8808826871689053,0.19643438120423523,0.2980574732598489,0.35476461882271804,positive
0.6221266879127185,0.7356482451613434,0.2997840112475539,0.9395635458535982,0.3357160305950819,0.5673391938142479,0.5371527165206882,0.82546694161499,negative
0.45234247203096045,0.41942805836445024,0.26489732574461616,0.3823594000947164,0.7219223068158701,0.19382180518028072,0.42886703994913156,0.4200288181987072,neutral
0.7738623672933996,0.6131265873206523,0.355196762429307,0.2643865615865156,0.440201221041792,0.6118914810376431,0.6125175880794531,0.6990678052806873,negative
0.2123923276327507,0.3794042116256089,0.8012079688536253,0.16137029233499273,0.8515112724528241,0.1829648749302331,0.09459073792590843,0.247061297406839,positive
0.5172498717783867,0.28476244708491805,0.5633552741420317,0.45577654416086283,0.6232751120568362,0.43263591188304007,0.36272328007006766,0.46991444519857856,neutral
0.8802087505944367,0.47352811262333905,0.22574387493558162,0.4706766158065919,0.4374248685254623,0.8258879120772469,1.0,0.7983202503917101,negative
0.6929381103545061,0.43676603412324816,0.27966816296897085,0.3987816377211453,0.4978712485015305,0.6884715511788564,1.0,0.7645001249034807,negative
0.8494010520790488,1.0,0.16906261050390128,0.46019988167316406,0.2340081007124813,0.8561762120313429,0.7794134123909637,0.8047614522838183,negative
0.44541571375685496,0.4423286699255797,0.5356641722952704,0.4156270609369286,0.5924218358974238,0.48450067755225357,0.41301280123366996,0.46607626503598404,neutral
0.8850794983407368,0.6830336916987934,0.4345247885185629,1.0,0.4321039666725163,0.7202571526043398,0.5809078751191177,0.6556271040178231,negative
0.897449733680368,0.47204048620906314,0.40997771649705833,0.42224295950623403,0.29559063453244944,0.8138426036084255,0.6207127445691744,0.899711175705798,negative
0.5933513578795395,0.390968569265776,0.5056252225816799,0.20637646676298285,0.6410661310733938,0.30319036862421134,0.41003911981948343,0.28838306651215073,neutral
0.49019587632106915,0.31285665804569196,0.3418227622798664,0.18915891439193405,0.5687756134877479,0.38289632417500297,0.3827127490317357,0.5366819247047295,neutral
0.5128206272095372,0.49526168737093995,0.4474408692492842,0.3321909610490879,0.7668392961174346,0.2922721472340237,0.330017924950303,0.5302433325386261,neutral
0.7272124177994231,0.601534303898582,0.455543835953168,0.8392650349501355,0.4952153081893247,0.7130372365304682,0.749233487166865,0.7150896142540505,negative
0.6247139807717255,0.47359957391919894,0.6047264083346098,0.5065064971374691,0.606880027600687,0.36286450371067436,0.47068525234020236,0.40510264514341554,neutral
0.11467307153268047,0.09551618135364873,0.7609366540564868,0.08595170391841095,0.8840262022559853,0.06928490545964947,0.38031118080910736,0.46913955932285634,positive
0.1372708128370626,0.13046482941720877,0.8851360990206463,0.06598724604362803,0.9424153416616814,0.17293336807726664,0.32812024371449533,0.28434147139788,positive
0.1714957400340634,0.18788024943352996,0.7474732094729787,0.10619389480580373,0.9172697043189267,0.13133098632932597,0.1452240173769907,0.07241400089620356,positive
0.4977832080180187,0.5367344303959481,0.4924717515603312,0.38058291481576695,0.5169446734583181,0.39229111777519743,0.52786009896398,0.5561976764649058,neutral
0.3927050046595685,0.20360932045478752,0.698051671186422,0.0,0.9746322672865714,0.022411946959671664,0.19798359645077696,0.4402676800296105,positive
0.7813425707035623,0.6466610678395861,0.31871063496539637,0.3002353903137885,0.22010330481514614,0.7220188486011603,0.8692002153092242,0.8395313959614173,negative
0.46999442460724267,0.45878576498122525,0.3748392950257085,0.41019884219084973,0.6569419142821775,0.4492245638278168,0.48463183008956456,0.6700410272007092,neutral
0.8542420674910632,0.90822222500916,0.3317750436799839,0.7085638473203498,0.25378392253874504,0.8217484745301255,0.7252287818875147,1.0,negative
0.3362588959187448,0.2217253335995261,0.6240357299989292,0.038684299668921396,0.9424173453549971,0.08584019849766257,0.05980683902072742,0.22320739247582871,positive
0.06177221190800988,0.20172338113824517,0.7223854566377624,0.07965505356685464,0.9151216523905659,0.12821606943823544,0.35826598563176776,0.3976505136151231,positive
0.3662835235862161,0.2778727611802177,0.7352334551945111,0.11888421611611004,0.9113826355313328,0.12559612050262822,0.6401619827906777,0.5314891051219185,positive
0.1795271920003599,0.024786464734721347,0.731633361058494,0.21246015640285748,0.8641840881058006,0.05227038829777542,0.150851112808644,0.3763039141921368,positive
0.20255398904402544,0.27372221655291223,0.8281880536493547,0.10515366538212001,0.8884177240307707,0.3394791652180798,0.387604531745813,0.2924265794456676,positive
0.3482588337454319,0.5367687295909928,0.4831337528992047,0.38434451995521035,0.7484270580207439,0.381344713657069,0.5693312277067264,0.49954230248750014,neutral
0.4059169615706061,0.6162080877508986,0.5354340287438114,0.3577620450680823,0.6244273985321083,0.3005201013658461,0.4529779557019776,0.47191293809763624,neutral
0.3614578370309389,0.3114615556490149,0.8995823258374819,0.21513794918012094,0.9069782601284971,0.06485462797265287,0.5087823050341178,0.3558976104506172,positive
0.6284222615586129,0.4777838946144333,0.4999933492297872,0.2641877430934971,0.7154974012131506,0.378734546629967,0.45382730232355045,0.4563394468207609,neutral
0.73949188210881,0.6108109532257628,0.12535925497265105,0.38397762548203107,0.5735258411612321,0.9212033037895172,0.7689205842526542,0.8131135149454619,negative
0.46966127742025193,0.5161678372897469,0.5665011651083754,0.2179354683566495,0.47314082131420365,0.28286396308166584,0.3766035739934299,0.4933096738470736,neutral
0.9069043966646255,0.49894306947234357,0.27380665263274506,1.0,0.5304517952695864,0.9207937268773934,0.6201391087365451,0.7342560118586986,negative
0.6321784307772551,0.3087016044739387,0.6028764001136655,0.3090020433024372,0.6434050879271527,0.2644824276840578,0.4584202148693177,0.558986106280637,neutral
0.40116970159798676,0.3736539904074156,0.48354182873839807,0.3729153720155916,0.6244540687380508,0.3198945285760964,0.4004909639700465,0.4960590842965508,neutral
0.5674166828920628,0.3022504518663136,0.6354829454211861,0.33482382895474827,0.7856915868638118,0.4334571452939301,0.43979592777739995,0.5105583128745835,neutral
0.039026652696363906,0.2608938280786217,0.9389098371444851,0.01652091638750358,0.9466985427524385,0.021954388534279265,0.03910245986039437,0.420442725187147,positive
0.2463814779105556,0.13653950506756862,0.9508793077121568,0.08972871494681872,0.8838367817321232,0.10466135218425332,0.37901555508368756,0.3942699558225445,positive
0.16383669769286635,0.21082345130586194,0.7991248682601331,0.0005313287351145085,0.7867904835745502,0.0,0.33805132386486303,0.387828271437218,positive
0.08309135187109112,0.23027151949217797,0.7901636793058802,0.11031530239434298,0.9883813493739998,0.08157119902940328,0.07903474515295415,0.24582736462786464,positive
0.26785835410049447,0.2613066802393606,0.7115427001282957,0.14318101887275303,0.9771245406794731,0.08862044240645467,0.18910250048822708,0.3633760171245731,positive
0.5868451079526439,0.48237076725715455,0.5638394682664161,0.37215430162354995,0.7356621124874478,0.36840334345797227,0.413728022427252,0.46153837934463166,neutral
0.4457927081594053,0.3022894659926395,0.5465897787770051,0.5355392613958428,0.6906050355835787,0.44201393588970317,0.4122696964277074,0.46589128768530985,neutral
0.6058555827768148,0.3946998016412622,0.44042023842028566,0.46360185905264406,0.562488463963074,0.3872187033667634,0.42751457466494,0.3924496580197571,neutral
0.4501665599583516,0.46020377385892697,0.6598326165289254,0.3446441929199341,0.5704594302788782,0.15262529856406404,0.4294574575071763,0.5073580033593851,neutral
0.8039361955593884,0.7414974956891781,0.4071226136377831,0.621119252774283,0.38680519059912655,0.7618245697429179,0.6874436464866711,0.7011784959671629,negative
0.3365637386133882,0.1920865258893543,0.8274151102058637,0.23373662785293428,0.9165055007573372,0.15557758736026903,0.08352910904985951,0.38769119503099364,positive
0.1950890958272518,0.02046329412953221,0.7853680805927924,0.09637663906667226,0.8898719838501977,0.060384113702548314,0.009701643486498851,0.4051147441404739,positive
0.4834648567318201,0.5037822140230979,0.49436046450802923,0.429162956683571,0.6113029223328103,0.31727529080683237,0.514682937608787,0.6982151238013657,neutral
0.7252298981246277,0.3735797204863134,0.6682991020529321,0.4344223473571163,0.665814949825951,0.3089006628527443,0.350636776068241,0.5801893059048051,neutral
0.505901426878128,0.5048672696518343,0.5428858691229795,0.48557424013639927,0.614865052507336,0.3939295043873121,0.47084391684977495,0.40112642012536903,neutral
0.7397156469288201,1.0,0.1256491100452221,0.8537957296880554,0.5095421457949311,0.7545889449216221,0.9585016032594769,0.7722814208461104,negative
0.5046213665548692,0.4828718705151812,0.5601477565342353,0.4411019236853569,0.6636489079500232,0.5547311294861742,0.4631278848644742,0.616900207621617,neutral
0.4571847565796028,0.5282833015890966,0.5562177184114967,0.37832269467072566,0.7158830152125151,0.36265759036229916,0.29129053902973345,0.5111401808957131,neutral
0.060066308714401356,0.3276180585640739,0.7928690682011582,0.08304880918440749,0.9010114212180697,0.1190587535814692,0.41977311498513814,0.40014465371065877,positive
0.0,0.27634779521644914,0.6753378585535541,0.013005480480905024,0.9058139061224134,0.27769832100457115,0.19929433648061326,0.3022660521466367,positive
0.5147361915508086,0.46840906557258,0.4815042962016959,0.06937187369781944,0.7677400252821946,0.22854096309856098,0.42681463217888627,0.6750484163359811,neutral
0.2947900745715699,0.25862301912367075,0.7846112189813745,0.07714327540732113,0.9201118710524938,0.09919260457864214,0.03973688618695731,0.20622724545539795,positive
0.4545562169974342,0.37908001096025223,0.6193502245599218,0.3616069404118242,0.504674275290036,0.3705400031585392,0.4304774157772122,0.7407768175782324,neutral
0.21192955625569204,0.29821159753618165,0.8488069715356171,0.09673616351715311,0.9284289368193186,0.06620453976080283,0.15436894608994306,0.20027468753571212,positive
0.475274389028686,0.4284616086758892,0.6491367439088542,0.5340273766873569,0.6669310085801361,0.4046333482163734,0.38121648681721687,0.5679830246864712,neutral
0.9832674230710584,0.5235455392895635,0.24852320451432594,0.6391532408519677,0.3155345329616667,0.5566789785663901,0.7315805649847933,0.7963516431690508,negative
0.9663118016081857,0.4853963397595161,0.30001097806328686,0.6486446792826311,0.23654056409061838,0.4967614572210536,1.0,0.9154484970533863,negative
0.10326559344104048,0.2982059542632729,0.677762654301854,0.0,0.8729448001623097,0.06371067728890764,0.05092265735367593,0.2445798828169906,positive
0.252560530517725,0.3010995839835209,0.9409218273205292,0.15170769728023203,0.8907210532419134,0.0,0.22544159490413765,0.3839830353136486,positive
0.49584734453362855,0.5273932043449084,0.5898694867587462,0.17895761426812432,0.5897489737210305,0.1917479197534976,0.5844292372063699,0.40545439153529256,neutral
0.286527769367916,0.13506685336747287,0.8200075238099372,0.028674529876838037,0.9167858315203684,0.005894850222546433,0.01322478034684929,0.3265004575099845,positive
0.8905984818071494,0.6798428637841831,0.23790831717821836,0.40953746739242536,0.0,0.5937323645891245,0.6537125334063525,0.641701547078769,negative
0.3140529479565112,0.646884735594575,0.611092318348894,0.48119357682471686,0.7443554233335653,0.287448536490135,0.36260981552105953,0.39510619084364507,neutral
0.40575714926071177,0.4195595608935363,0.5845219209272956,0.4071022912085874,0.7869811286923816,0.3418591401087306,0.4133625518820275,0.5498493712349644,neutral
0.7762554668811121,0.4802962307760009,0.3199834028221024,0.4921665207062898,0.44057589692394616,0.5102664691872424,0.5938874080305178,0.6875949464658543,negative
0.16639403043990422,0.24643988951871423,0.8101763268518619,0.1116629122826134,0.8495793492814188,0.29306706971560914,0.05593655145599469,0.16999075044545112,positive
0.8174738243676019,0.44947610320317455,0.20920409050325953,0.6194049069741699,0.4181391498728495,0.7236784432978957,1.0,0.762662394915323,negative
0.5129409686744443,0.43365974024590886,0.46531569511564497,0.4147328440032203,0.6586285257455596,0.39761011080877084,0.47981401685414704,0.3547686938915533,neutral
0.14214107108941926,0.0,0.8940634484935468,0.16577689987618538,0.9392159736360055,0.13609805250202006,0.32573952635351533,0.2574185772198264,positive
0.8302381172587712,0.6897564509113271,0.29672251218821943,0.6732077929539606,0.45982804405139954,0.732765875329983,0.7235421032467526,0.7726013871916655,negative
0.9001842829697948,0.9454665489687692,0.4318688792990413,0.8907676043662716,0.302902630474602,0.7217376891269698,0.8557624457812527,0.6420225963955982,negative
0.7507462331350241,0.6574388143668455,0.2920516889531824,0.24039868276924625,0.20369584593812515,0.7761556551426554,1.0,0.7521246317486981,negative
0.40872435279586994,0.5132006886797897,0.6394322282872283,0.45978170636058613,0.6437201811483166,0.46572493597362374,0.6334392060082172,0.6184173595449709,neutral
0.11699778209258446,0.3671108519976076,0.8716618008318998,0.057175132941245765,0.8643629511861439,0.07109939642555468,0.4088579800186151,0.2986447281302214,positive
0.7535316632436152,0.7656653654426903,0.34658623764066276,0.933265642721876,0.36495734196834456,0.7299340540385206,0.7418245631163546,0.8608403148787863,negative
0.7924585047001954,0.4427962478190127,0.44185272085216215,0.7366025492256534,0.53078886965594,0.7525971030061005,0.7288283867189438,0.8623150816547113,negative
0.24500121381589926,0.07905862095394552,0.9415717461882434,0.046991373007273796,0.8764912114561914,0.005590500708470836,0.2273253527927795,0.2729151374957551,positive
0.20328231487250994,0.28382788250217283,0.7832321849400616,0.10622485074544723,0.8915657134765193,0.15722605032818687,0.21302370394537976,0.2948805468319089,positive
0.4156428455650436,0.3167337377863989,0.6149460917402776,0.2825101622003259,0.6850231673369291,0.3358765925221496,0.34953176299015226,0.4527666278593402,neutral
0.07105687585758078,0.144435837490954,0.6448388571852259,0.0,0.8853833786016723,0.06072733417086737,0.22441008556600409,0.35440524813517704,positive
0.878447316139812,0.8496760997594993,0.328361083995183,0.3941585634462771,0.23931961122027698,0.7851211205596309,0.614317349631499,0.6194604714583225,negative
0.3177271224845091,0.15326959973578053,0.8613172870247405,0.08486112238705398,0.9070154551404347,0.0787597496986791,0.14682120025265638,0.46342938893997165,positive
0.1850052487000252,0.2819368238173312,0.7448928233047967,0.33645194221578756,0.95424827310948,0.1600086925655064,0.2962529349363263,0.334402609357643,positive
0.4833914984439462,0.5398652281517025,0.6088227315725315,0.332256837451686,0.5618477323059292,0.3979866920287272,0.5534000733847173,0.5601863130846038,neutral
0.5847810294079399,0.2781606843799053,0.49709439757861673,0.4268018558041748,0.6189221415128244,0.36771278290041226,0.5488450279424604,0.5592625197211157,neutral
0.16773806764045696,0.3907374118188426,1.0,0.0032097593420038067,0.9168833213882299,0.024503975402171668,0.1483649142501167,0.1831090812403205,positive
0.2941295601227204,0.3828826528079817,0.8064340477234618,0.10146328637549089,0.9083772517148336,0.1814191223857804,0.2537510292598315,0.412230266080851,positive
0.2598152544458777,0.23602480585699143,0.9262521416494761,0.24431485502620906,0.940369122273325,0.18993869709814612,0.28451844488704814,0.16583939690244967,positive
0.8327685398732155,0.8531959953483846,0.1324831144019219,0.6502750499145705,0.4501267840062785,0.6286534475086343,0.7230091045093885,0.6374957074730779,negative
0.8594654140545525,0.554357042934728,0.43208687430112247,0.6306715492516847,0.5208891869214964,0.6843274554736156,0.6716875354318417,0.7408192820875007,negative
0.8492740144342662,0.8330428988131727,0.32864362150876997,0.613477216918362,0.3333475072071385,0.568036363136317,0.8773890337964294,0.8132260467799615,negative
0.5863314771545146,0.35843848542347867,0.7168921004880524,0.3496406364307245,0.737462788356053,0.3422233493820647,0.4897247522035303,0.5650995403586367,neutral
0.7462754477186512,0.7360806896011383,0.30754211343455606,0.5525057805803557,0.4307435966427694,0.6589030733390213,0.5007482464627891,0.8152618094133157,negative
0.479590280078323,0.5006202192049747,0.4883664784354188,0.4739156879177884,0.6690209491365682,0.47710655269095364,0.4628410885094581,0.5088800341268118,neutral
0.2638077152620002,0.3933454585259887,0.9597935697660804,0.0,0.8887504162432143,0.010869139725639965,0.3875470904071217,0.3340723687988235,positive
0.45168443667720715,0.5214899702975929,0.5762290949879009,0.4311722173516337,0.6643777144848481,0.2566999507224326,0.37309262238937657,0.397767119113358,neutral
0.7854073719117313,0.4775435955681937,0.2512095856251139,0.9029127818412497,0.16061583327145235,0.511234109686291,0.5609888705886462,0.7033580923482957,negative
0.17091188050766332,0.14633965749526157,0.739481105613174,0.10353074980229025,0.8644271393134487,0.1866276262296153,0.22247034172009258,0.3688944564302994,positive
0.2747253938442772,0.7410670262464376,0.458176836058024,0.31446886071461505,0.6129703677095976,0.515879116185281,0.31612702804276993,0.41388223659944984,neutral
0.36887545672788824,0.5982142177045505,0.5884147326035871,0.2098347067832599,0.46611194689086877,0.43358681368571395,0.5087411776339886,0.4517339115469789,neutral
0.23440592101376406,0.28856119312678385,0.8113023954261156,0.0,0.8387007479666607,0.07333999895334317,0.0,0.2528288866277866,positive
0.693243206687991,0.8504716120269901,0.5233662717601276,0.5555877137316106,0.3460870611426077,0.45639925497814154,0.7316936904462352,0.97224785085376,negative
0.36921025648387396,0.46519653816260526,0.4691146196334145,0.5001723416023433,0.6588973697194714,0.3120429492602313,0.4290905538201265,0.56606492662645,neutral
0.26237378484053664,0.3265470036116709,0.983604612005613,0.20567769356261562,0.9226618392170685,0.11869353621644674,0.2989589075064749,0.107673121808056,positive
0.3717262945734092,0.3270968456019271,0.5407456309787675,0.6227529163796904,0.623483409146361,0.393623394005733,0.5137853315435783,0.7540650022882355,neutral
0.19707161660344014,0.23621717637495135,0.7582823807405874,0.19979745465485968,0.9385992946992399,0.030440880858766825,0.326095456313241,0.24871496128703544,positive
0.7339295225383855,0.7847304842225546,0.10215818601714396,0.740559524227908,0.5231211154340246,0.4265527330834514,0.8492605368274783,0.7887017288987032,negative
0.6590540605941272,0.4648758904087569,0.4688884956949337,0.36292506165415644,0.762657252865234,0.33559450499729254,0.5765170993938358,0.4281225146969623,neutral
0.16832975075017326,0.2966713485677913,0.7200044761152241,0.09219107411351786,0.8560790150878819,0.14344900833264435,0.23701117846371236,0.18948736091603346,positive
0.42294865789322483,0.5555757264054283,0.5452419156120624,0.27657695200556326,0.7372654969711807,0.4365028808090649,0.34300399946967086,0.22208172403994358,neutral
0.6625649520394724,0.32270400849851943,0.5851208488936162,0.435746318579212,0.7413907894808401,0.3804979151282852,0.3194427559252961,0.8250946151842936,neutral
0.8352514158874162,0.7990006196864994,0.2113149481062186,0.434145887626352,0.30645123581232875,0.5983637213741014,0.9592785537225396,0.9441370152388382,negative
0.34821766959492706,0.16645189663201737,0.839921894804272,0.05625892938355964,0.9031267044921165,0.31145874283046704,0.14968749427622996,0.485773603805635,positive
0.0,0.2692731374175431,0.8632059605457004,0.0,0.9333878761919195,0.3132968577430729,0.0544156224667339,0.12564734282576842,positive
0.23433105461184234,0.16814186281420745,0.703655310082222,0.14527367654084422,0.9674016932335662,0.10378581381667518,0.22511149348434217,0.34532075566821807,positive
0.8029452381564764,0.8156185012563446,0.4007661743334594,0.666891012963656,0.41111950755604776,0.59483219138389,0.4983176629136709,0.8184732434897791,negative
0.27995713587022564,0.2772313276339649,0.7869646119397405,0.12748560567461203,0.8560644111267768,0.17074898910263164,0.38001417756482636,0.2851380443370914,positive
0.8864836659878116,0.8069531131259783,0.21957265090799583,0.8360456400668468,0.3030378834057644,0.9791235887430546,0.9158080455056404,0.7392668611197714,negative
0.766556350959965,0.7852175790687993,0.35187857301769176,0.5861437988850675,0.2758307958837563,0.7274291071065437,0.7442131664893709,0.6627494109410998,negative
0.24091263292908413,0.13348839459099113,0.8104854006855159,0.05777560222735914,0.9109349790183207,0.11847469726363676,0.2642867811265984,0.38068697921809797,positive
0.4724114390086963,0.44108981812015446,0.4797244817947121,0.37770132756599717,0.5197812757533073,0.27586420503385856,0.44924952704058274,0.5548871191982891,neutral
0.4850335390926137,0.3143791615370832,0.6759402895566365,0.3975999685507607,0.7412631964493739,0.40510168038818295,0.2703383367809781,0.551021371708789,neutral
0.36803985025995944,0.5472842096208206,0.7701623970671991,0.4480083829357106,0.6523526813600364,0.47062438617181357,0.5110943237049652,0.41702598156605747,neutral
0.5532408738859838,0.5102643721539181,0.6162553173458581,0.3511806725665789,0.686948275034406,0.4122032384999722,0.4358095132588144,0.4947461954668174,neutral
0.6577989888793883,0.8459242032803151,0.32635533708063263,0.6524291055294815,0.5361813188775565,0.8210901171152766,0.9707591156202273,0.6865128454523463,negative
0.5555951488373441,0.3958517307576633,0.4488004485032175,0.5237966904293416,0.5767192522843849,0.3443015858543027,0.5643660476881184,0.5145772561677875,neutral
0.7019595864809705,0.6519694466499296,0.2764323250202845,0.723643519139938,0.37005044694237604,0.6180571486719127,0.6236571761528167,0.7896206394030504,negative
0.4653293078208858,0.3105698713971152,0.9599548549546852,0.20570088148394597,0.918633699277939,0.02864330996456009,0.0,0.21187088615136923,positive
0.29607380347903517,0.22553391264238515,0.7710933900774471,0.10398653641603008,0.8245410958701853,0.23887281199926247,0.0,0.2753924144404073,positive
0.5036010913915797,0.4261094871460104,0.6394779776390374,0.3465626503121918,0.6535371030260025,0.5205251250109015,0.46197266923149033,0.5145674379238806,neutral
0.2531105349286368,0.2309109043517356,0.7984422797879843,0.18278529552396197,0.9594644829704205,0.0,0.09421322289319203,0.11095679163585098,positive
0.5302922153340127,0.5616583080505032,0.5143033908281707,0.2645364661404267,0.809701393594612,0.3772264209811648,0.5413892869756382,0.5626780407593671,neutral
0.2878782422090325,0.10219449114589169,0.9068191903629811,0.19546686935292906,0.9182266976351863,0.32236528557793864,0.17727241904923866,0.33437674774752035,positive
0.13329428923448955,0.26239361254591415,0.867304145750273,0.07691126913621474,0.8419364560034887,0.22612101813114574,0.39822047400934324,0.4433230340898432,positive
0.5269058553556294,0.6016024541412783,0.6551493209653121,0.43368069029621287,0.5578993815188819,0.4261960206858325,0.5168676258876581,0.5168736810261207,neutral
0.12932349892253775,0.18908966782210468,0.7540325081308352,0.24119719261857908,0.8319458594022046,0.21884521351210523,0.20963055774221928,0.32728877770973164,positive
0.1872060621895442,0.3124199871704423,0.6771447131468706,0.0,0.8751813494276727,0.08835780316125427,0.2182242649650311,0.3774166882684087,positive
0.08491638082932669,0.12101563758604886,0.8526527735208765,0.05957457696872248,0.8924429043086596,0.07120874891477051,0.12166585571031574,0.2245402290433916,positive
0.7864424850052838,0.7873388282372106,0.3520862387583568,0.5683376089243765,0.41791258017812505,0.8301314803757552,0.7504300787423782,0.6532157819002153,negative
0.7020465838387488,0.8579448847723052,0.03339734126762339,0.8396193210863627,0.5012140565983818,0.5931721724413312,0.8292122018577354,0.9139827943346308,negative
0.39338637392608644,0.4548188518941342,0.4813828552175758,0.41938969652395824,0.6241813987818886,0.2894817921955098,0.6461539352130472,0.47249555715734765,neutral
0.25919248359693847,0.028275323570400912,0.8274491681861375,0.15476714245093418,0.866063134574675,0.08852124751321439,0.462977377460117,0.32606491445955077,positive
0.8187937724008731,0.6507799984614617,0.5179655243203113,0.4919820382773954,0.4165108507110414,0.5467046996357645,0.6931278825108654,0.8473878931624915,negative
0.44422760873927614,0.3379141347876482,0.5807205847421915,0.1469978015935657,0.638821007414265,0.3577958597832543,0.4857461669947505,0.40341549597284065,neutral
0.8093969624461465,0.7984832670897872,0.20442605082439214,0.7761690002907409,0.466365226573679,0.7595109907595636,0.6590311490471347,0.902126037308881,negative
0.17807217032412043,0.2602671974291332,0.8664317115876976,0.0,0.8750528993233436,0.05122630606700963,0.06299415009923356,0.2654691175116753,positive
0.5940277471895686,0.4424053840607992,0.5371180663778232,0.3302948648873535,0.5974427095501127,0.42422812162221796,0.33206314374859563,0.49443802836427936,neutral
0.7892504752099677,0.7871148817714149,0.2930227629135732,0.8342470966897209,0.4334913531060142,0.7658112237273556,0.6849088053825637,0.7520312599988398,negative
0.5933838470671831,0.4197483021753542,0.5095111295843314,0.45609515847839555,0.5282051281215874,0.3017618560674378,0.41534924690579794,0.4804709877855105,neutral
0.4806240635600461,0.21815171924989593,0.7437865128276061,0.18064608036969415,0.9461615555985997,0.03190931847577545,0.2665807377717909,0.3624814257083735,positive
0.18719664436128292,0.25796985208023926,0.6390837923253907,0.0,0.8798518751642359,0.1677191406716722,0.036004648634832354,0.12499554033707758,positive
0.37804534404196527,0.06967841953863732,0.8774897762388105,0.08181280586679437,0.8735390162036888,0.0,0.2264270229233066,0.3313735973105189,positive
0.5402632906464683,0.45202101533637457,0.4996612690025189,0.29127234834092924,0.5520728434746389,0.23384327808064714,0.298264762172774,0.630687300431714,neutral
0.07575813062970581,0.2305903128080523,0.6803601339000923,0.14786183957235316,0.9115129492018894,0.31064205464793126,0.0,0.38679728868292623,positive
0.38269509822398645,0.28882591290125725,0.8711702740527265,0.22138421814451434,0.9102883754899971,0.2072793321893122,0.10481912219954116,0.1436454572318053,positive
0.35911194475835634,0.17479637205019535,0.7886105002439662,0.0,0.9480953443170897,0.0,0.44864486391988445,0.40746795589965873,positive
0.04224729481928441,0.1412381513952709,0.6251285006450351,0.16381164734895848,1.0,0.18818288457551224,0.5241330121068003,0.148339900028779,positive
0.579884885222615,0.3819442347170105,0.7756481624034985,0.4517777188397399,0.6213982039936844,0.2258792071617734,0.49689724129226576,0.5642391870096698,neutral
0.5304898079240126,0.3123042516399843,0.5281359577786607,0.35179990915936726,0.7295080145123606,0.357706257395881,0.2752213601141361,0.5767989935982878,neutral
0.28471394730371113,0.5648443218525011,0.4950146323846921,0.20642138207950214,0.8348724080474001,0.2554170454380964,0.44085390628646864,0.38015088346790327,neutral
0.6845413380257386,0.5005766963446526,0.5215221135791291,0.26732162659885655,0.6895642312440411,0.3147576766640213,0.5718795510152361,0.6467267253906613,neutral
0.84260111437679,0.8164380311245867,0.49658009094613664,0.49953102297667673,0.407074265032249,0.5416003856022427,0.8637972226596483,0.8312036495750149,negative
0.3564020924064964,0.21852807787207754,0.7118289582335655,0.09234907538740067,0.9641598250459364,0.2572139864890985,0.052506423989581136,0.2692540767291408,positive
0.022873466229269918,0.2760556084440476,0.680123033713125,0.07736857468577739,0.8232090690563827,0.18261288950257756,0.0,0.5532737178442784,positive
0.2849985999060862,0.21161282379923604,0.7039610910057253,0.04200721512725336,0.8425211166058483,0.11051388792326582,0.20402771257561764,0.2723715289171893,positive
0.5264892984933559,0.32897663933143134,0.5079595157099006,0.4924046746144985,0.6521751596612121,0.3915138429400601,0.7277300085491103,0.6180733142484972,neutral
0.6560068432958357,0.5086109878364999,0.47198030695228327,0.45143156403313434,0.696855770360471,0.2315823594532121,0.3477305796863792,0.6822936078676256,neutral
0.1823689353196941,0.10689286429624206,0.9053596136595466,0.16248520782186482,0.9432618260767551,0.06785770925200779,0.1478876477260071,0.3049636620424687,positive
0.9222708730121278,1.0,0.3361244320793027,0.6475047822016264,0.24718289278564712,0.9150980118947606,0.8696928484076024,0.8557127892330407,negative
0.509199498581069,0.41673706465181837,0.6525049173655977,0.5118979280570055,0.650259699486571,0.3477734993501138,0.48174756579075473,0.6177561987946475,neutral
0.9153265513271062,0.6175673780783119,0.41868787314854283,0.3224259303497191,0.5166691692387132,0.7699030379078454,0.6336940493805725,0.6865882258279034,negative
0.2507989416336434,0.18577145390619695,0.7525664675381069,0.043492537253035125,0.9040087951967071,0.16033178920140578,0.36988137882382327,0.33687351975368374,positive
0.3757723579046801,0.32455134913613853,0.5143241270910665,0.3077486817698205,0.8253473405279769,0.38766613723905163,0.35787379870071157,0.47428206380986665,neutral
0.35402701696751354,0.257707592956726,0.663983452693901,0.3337976055629629,0.8520143935760089,0.0,0.39694070273551085,0.22566604604051105,positive
0.7399393107764712,0.7567872917906089,0.260959356781899,0.37007685970266013,0.4261454190974415,0.8814988701786477,0.6847449382441944,0.8836499462551245,negative
0.6314299624868246,0.9267218380203825,0.31242818367183106,0.3928954749202674,0.310289166081282,0.7561170822982548,0.6861104635001952,1.0,negative
0.2923165725397133,0.20158024191862292,0.6321442448755393,0.11890065611055771,0.8728983199979072,0.10059979122956407,0.3128817396747901,0.19816000373596354,positive
0.7280778896552463,0.7642158910757741,0.33524950788076086,0.552490641836054,0.610243350590898,0.7009838794371198,0.7812571561194949,0.6618524158128708,negative
0.7400883549348444,0.6321596536179863,0.33295554793288484,0.5386142624839355,0.636539100270531,0.8981667503555678,0.5806436353766216,0.8993904764383925,negative
0.19664124371118363,0.08598338112413134,0.7994076600539423,0.07857792779026608,0.8813802552411434,0.0,0.20093239900952556,0.3634881478171288,positive
0.3139626540562423,0.2220130819454964,0.7399980187206754,0.3016821338669087,0.9472854475484384,0.10521962956700309,0.1732913507546126,0.46120208932245593,positive
0.9767378746492452,0.6394748310564428,0.3071448853404656,1.0,0.5296657879258079,0.8912618729350525,0.5930828625876162,0.9108558087203764,negative
0.1972132091061927,0.41355102715000336,0.942479576429694,0.1307059701877367,0.8799936550912341,0.16081122508716458,0.3906406967296856,0.04827649983335841,positive
0.18101077002921398,0.1113179681562201,0.792534074737491,0.06120200676760209,0.8890974933470182,0.045892947836843036,0.4069830833240403,0.4731046440828884,positive
0.6272580654940028,0.7678493667621943,0.4518695298370572,0.5489819162187843,0.4527176998263689,0.906382418185598,0.8184908333558355,0.7930964762000601,negative
0.9228475233730137,0.6264796240520296,0.3524239698452513,0.9921010901576421,0.410551018381271,0.5521937641506462,0.6220092976027211,0.8920610365219702,negative
0.6838535059839972,0.461650298877849,0.3169861664332969,0.6457755717588608,0.146469537492128,0.6839042730587191,0.6240806081200727,1.0,negative
0.7831020884491864,0.5835207754703915,0.31980628921350746,0.5967478512709609,0.6840787956641308,0.6818936878969628,0.9014887421031748,0.7226175963122057,negative
0.27796635684744375,0.1476499537229518,0.932303102486052,0.07149057835467937,0.9578224697057529,0.22861335487815826,0.023791713490537686,0.3162468299345678,positive
0.5599977457713258,0.4163505474424393,0.4313647116764382,0.2973103729698271,0.6406172584866312,0.41490998893975617,0.5432208889120916,0.4032132783034419,neutral
0.575225124926965,0.4776906280924254,0.590938878019099,0.2494957818843486,0.6261906746049536,0.3103305403641047,0.5496124307360766,0.48478202234189016,neutral
0.6894048372959355,0.788617284393626,0.3027839783379895,0.820734870878771,0.6638985004680671,0.678753664048733,0.7532002223337206,0.7666934436415054,negative
0.8103792814062063,0.8480527285322477,0.2677403010185032,0.6647374727746077,0.4191845875156702,0.6199707057983663,0.561530943943424,0.8897982627231665,negative
0.7417444242684981,0.6648758600463838,0.15939743651257451,1.0,0.339479945679984,0.8752861639098098,0.8231874107076783,0.9190479941048996,negative
0.28022771132366614,0.0928939003579066,0.6694778854721875,0.0,0.8381583875429548,0.14608401563661744,0.0,0.3285100487830642,positive
0.5909459280183682,0.3268741340155448,0.5425473168812037,0.4075268460407342,0.7858766729982742,0.28024939767186396,0.5921465060188551,0.6421321613936671,neutral
0.7632851187352405,0.6660984366939366,0.339884514021708,0.5550979312945453,0.34261978323245373,0.8071425026776543,0.6624427123225581,0.8321974791937186,negative
0.23453827005507494,0.4004341775965136,0.7790265505647528,0.050878958980622724,0.8830188406265523,0.024622247275292025,0.520232321854637,0.21373237477832485,positive
0.6267711045943534,1.0,0.20406981369129853,0.4592185867645956,0.4571169756733686,0.5479170661698464,0.668250598332504,0.7598343907338422,negative
0.22310110822939602,0.1498347429410833,0.8489778545828013,0.09988274865913765,0.874593092331143,0.0,0.3293344874367803,0.24586291429944407,positive
0.5570999245298237,0.5687335667776123,0.42880240615029,0.24643306798135595,0.5809199591439005,0.6028820924200555,0.46816930457112355,0.5605318901574017,neutral
0.6202750655844084,0.6012850492563776,0.6226043179363814,0.3981323702012045,0.8312609116174138,0.4361229777458582,0.3224318969938169,0.5884299630598088,neutral
0.27783693952836525,0.1917688594232807,0.9790118037116258,0.018744601796863894,0.937820408007358,0.05573813154738937,0.2841247155584906,0.2709581926648825,positive
0.6803691559892223,0.6659245154004018,0.3074246636389912,0.5717675042085046,0.5013183779279033,0.7525413414804994,0.7997393050666822,0.9258752217867364,negative
0.33012712040759506,0.21633842816729926,0.7370899985789453,0.09186238276153531,0.9032163236901084,0.14687668993928818,0.36573086640352503,0.23815301578978904,positive
0.36780935867521414,0.2799182925052703,0.7218840565413807,0.0,0.93075326834511,0.22836233197733916,0.0,0.22359525484960374,positive
0.07059433736368043,0.18078213008823962,0.8483128717831379,0.1110445006854935,0.8280081666533474,0.040766666550230674,0.47587515623626947,0.32624748831590716,positive
0.9008381673839153,0.6530845440476448,0.3531547964884543,0.6197560116295981,0.4949086183591316,0.7462912373070657,0.9861595346631482,0.7009985166109682,negative
0.14066490359966838,0.20303811410364092,0.8151570317910323,0.0,0.9097621747624904,0.1717575993824122,0.08675003997482515,0.18499040153696517,positive
0.8413311417914282,0.7016431669102176,0.22481465879620766,0.24385395237118518,0.5273002856268583,0.657555352185931,0.7130879750942027,0.6726236390304615,negative
0.9011065084747104,0.5168235320854317,0.2948061662050403,0.6216710514783611,0.2532451557973069,0.7987973464295912,1.0,0.9587286057218306,negative
0.7930908839842511,0.7423150863646779,0.2817297310861865,1.0,0.6380378134694764,0.7204753645417993,0.7176429546680093,0.754737989132593,negative
0.9183002907591431,0.7052603694587172,0.22106496106585108,0.3323215523618891,0.4301898378824591,0.5213361056879355,0.9252937125221421,0.7072877514827431,negative
0.8296273270693288,0.8124758043478812,0.3277150715099407,0.5100564630148323,0.17493805821891306,0.6623962092002431,0.543029274395734,0.7570416938023511,negative
0.12784430972867356,0.05437688671201579,0.8013033077691334,0.058305230427401634,0.8525290687709053,0.03231385416485201,0.10628785447593526,0.3188382365313603,positive
0.8272005648803612,1.0,0.3266970098384223,0.5528947775835457,0.035818363796361385,0.7739929515778491,0.6834761643944433,0.8550628829214457,negative
0.4607859210534938,0.58571305280897,0.5858253983993678,0.4321753768685457,0.6478831579426039,0.3573398349429158,0.2948311667257585,0.4492929473869148,neutral
0.6552578489714294,0.4557199462946707,0.6464509019689816,0.4792860359932253,0.579777771760993,0.34012871137594036,0.5144071283959424,0.5198053941295688,neutral
0.16957862574861088,0.27572239021906053,0.9192614858616482,0.1352561541319608,0.832023143668629,0.08482638304121785,0.2997309869984942,0.359384721956076,positive
0.7146705559508215,0.7008971031240459,0.22039337214104432,0.17671171553912068,0.2829956805573227,0.5783691529113804,0.8149488669394691,0.7668300583254352,negative
0.7874946709010193,0.5704903540715076,0.23531022281552222,0.5701116455148967,0.46203403691397993,0.7874641465297446,0.4371100429310639,0.7052937279322373,negative
0.12369747868487993,0.2828848852564634,0.6539509807478265,0.0,0.8076464656693898,0.0,0.20321452908006396,0.36672414589457225,positive
0.8979657869547382,0.5867514922722203,0.24386903328203852,0.5524765462028192,0.2308969237065625,0.818269793221485,0.7317528609930976,0.9103580640906151,negative
0.03863033309127145,0.2745817796092069,0.9114684454601898,0.002153125901322467,0.951152736518635,0.15253131811587117,0.22021674718775747,0.4167928998564883,positive
0.49993067264436697,0.528608420090053,0.5340198520488711,0.4026205048511877,0.5826551056767763,0.15384924969654049,0.33313157992284137,0.47651674879850436,neutral
0.1405207054378267,0.18859127636025946,0.8455575625043898,0.0,0.9526702455403554,0.12135376412118482,0.2381780870918476,0.3925437429426429,positive
0.30675450289016615,0.29565990002425047,0.8468224604225509,0.17863156386453508,0.9146044547560569,0.18923794574708294,0.3974441806318427,0.3900412980064013,positive
0.8726205494732573,0.7387857787324481,0.30465782542409087,0.7598321100653105,0.2220413942778519,0.47976746407570764,0.45483216339534127,0.8548264443191442,negative
0.46872843476509696,0.49606794121759235,0.5600478452015317,0.4458809678826999,0.6736233836826861,0.19893872978411994,0.4781559618430753,0.5627397991987537,neutral
0.2917817660533365,0.26380988141455247,0.7601848735716049,0.0,0.9686288336512509,0.09386985024325137,0.39123086806838503,0.2825145986854575,positive
0.86344734057916,0.5839358643606134,0.24463225938541933,0.6404664577978475,0.5910250676278579,0.7347967939885413,0.7942707194010348,0.8892415378052445,negative
0.1356039086343236,0.3001365988705129,0.896183063945795,0.1205182104866466,0.8302603463902279,0.15154446358821771,0.0,0.22167755100346645,positive
0.5233344887260494,0.6961411222262353,0.3460652944144378,0.8430501449022251,0.6851408752382746,0.6946130242694282,0.7454002424408436,0.7125203368252058,negative
0.8507665542125251,0.7472946870574827,0.3196033316953869,0.668104159663745,0.41675016884399235,0.577188372579633,0.7457905537598613,0.7914627617545625,negative
0.8368333161898445,0.7253091581138632,0.3979361863832743,0.7321703459728643,0.5264878710594139,0.7720538562983176,0.9648256436264591,0.9219368252080112,negative
0.9958951490975463,0.7971679158551607,0.23946699674842545,0.544500452255243,0.6096152689936576,0.7026970710892247,0.46721571435544024,0.8228443269170586,negative
0.4956451585924391,0.37031934841680225,0.5623492438257055,0.45350449186404196,0.5036976046474173,0.35117196430611364,0.3319463964745654,0.5333230539676429,neutral
0.7003263576718665,0.47816895735229326,0.41382925467421194,0.6357678052213588,0.2989870414661931,0.7470831253349933,0.886629716988787,0.7088848358058106,negative
0.4909095237151653,0.4157693381988605,0.5345407541377616,0.4292751142954304,0.7633126575208474,0.3799801301073992,0.6182200806877525,0.4080495307506693,neutral
0.7350764529935129,0.8579744187548449,0.3661680592458729,0.44644124376470906,0.43873071538772984,0.8221387814483911,0.8296731406271162,0.8575254062369345,negative
0.55109610156993,0.21695788025340018,0.5291462020201723,0.25692692929893246,0.5987413464663415,0.3001266866289767,0.46899798761273964,0.4198509890551974,neutral
0.4140199172740966,0.4081128825555794,0.5248988970387067,0.5352535263947931,0.6604885955726857,0.2806593076463055,0.3221797257123823,0.5558682679753157,neutral
0.8122839887652622,0.6378158680501902,0.10109801741832763,0.6077818608146702,0.2785173003865131,0.7170829030609015,0.5759700814665573,0.8997400924469587,negative
0.7352108919152857,0.8697773923813921,0.38820595099173905,0.21662188706327845,0.048134270779356114,0.8127155453667445,0.9070794382659011,0.8328584253729142,negative
0.7314029369926891,0.6879611190351014,0.25251317522032934,0.47276621936790786,0.5290025612448559,0.8469371882511053,0.6317250942453099,0.8046597285544445,negative
0.8643668669217484,0.6744166872867066,0.20285986071446496,0.7609464000007974,0.191722601279397,0.5570265106712143,0.6659710013260036,0.8098355758439426,negative
0.20141158683245278,0.288379256160136,0.893199858173981,0.12966900281802146,0.9905491284747553,0.10261248216206663,0.09884231542952042,0.23565274375241096,positive
0.8583581876225284,0.6139388424509371,0.3367462076823247,0.5957087060083998,0.4170965447764305,0.6576000613507208,0.7265740028719925,0.666154453580313,negative
0.7328191685990123,0.5669063064845429,0.1836405451136947,0.908624921808254,0.2505491193808769,0.6356521493873188,0.42178050136506906,0.7922818689523685,negative
0.3783706489978717,0.349650443649971,0.6973459443624774,0.40852517040216246,0.6980832146553463,0.36760795894695203,0.5300096998253727,0.5271931907309613,neutral
0.0,0.14768040729404708,0.961640606852168,0.0870330190885367,0.914481935062594,0.11933497690477007,0.07210749819711129,0.2518298846529935,positive
0.9291633441858655,1.0,0.3929623807958175,0.4067376348565402,0.44377202207992306,0.7432876211824501,0.6978888919390335,0.7801346800929273,negative
0.27838014105010267,0.08828408974407376,0.649483449547527,0.052084004106796464,0.9823915672004201,0.1931650657584513,0.3253718502698125,0.2690795404487594,positive
0.44987920356712435,0.2981802294854546,0.7260310680213442,0.3815246680885428,0.9256339334770045,0.361639281683594,0.594568657076054,0.387907570005632,neutral
0.6452085930682244,0.4580521997809226,0.4459228268679581,0.3433699804395375,0.7941518845900606,0.38943762535796356,0.40908965028254374,0.6197808420324403,neutral
0.1871325158473748,0.347585663833352,0.8026348519092885,0.204013536300524,0.8607299880568514,0.08092275863717686,0.27763908551247496,0.28450962118540846,positive
0.827719378887621,0.7984506060559116,0.30698566777920133,0.5941877065673192,0.3280031556570972,0.6929222628238594,0.6913277678225582,0.7788689473598662,negative
0.18276556084826687,0.19942592145123775,0.7333785965897435,0.09196489243663103,0.9897608063265051,0.06178433445214131,0.13555907924249266,0.37433399160034164,positive
0.7507882585494285,0.7848580057594216,0.22572277912837718,0.8758446344672488,0.370618766409801,0.4855713752205705,1.0,0.96448054908762,negative
0.4531557468978736,0.36589602505868923,0.5791198209387165,0.3038171012937978,0.6599991400794274,0.20354493274006194,0.45544071758841587,0.662434875827921,neutral
0.18385212509953958,0.30061408307160453,0.6768860217871201,0.04582906515850469,0.9499481053954921,0.12076692352364814,0.0,0.17092491586893765,positive
0.06471971806398322,0.06492969216206004,0.9914824408135605,0.0,0.8855301346729694,0.0,0.02830215420796542,0.11432003120321296,positive
0.39865222360323305,0.45265792138036554,0.5302243794726876,0.527963284467768,0.7403181470629013,0.28901160423868555,0.43135258215745254,0.37815970369422214,neutral
0.12389191125773347,0.1646689575472613,0.6616187872284993,0.0,0.9645442693344386,0.07090592959354518,0.3059100068939901,0.47943599685477667,positive
0.004625192925000771,0.1558245097940286,0.7488425905562958,0.07725509026317896,0.8343708682240325,0.12131448683683446,0.032162999350221544,0.1950186123416723,positive
0.21656702379413645,0.12920533117165423,0.8652511010710175,0.048536744256712505,0.8519702703298989,0.08255641609464703,0.05417768919427923,0.4212259200430313,positive
0.7918174553083785,0.4965751838657968,0.3604583822889247,0.3316686587662297,0.2908626355987039,0.7237976697846598,0.6183883946437142,0.6614169618891307,negative
0.0,0.22250021012254328,0.8254313370079138,0.23287384062160665,0.9393469144859822,0.12239380866272084,0.10590748602133972,0.3147370095805959,positive
0.2323261751631347,0.12469311387499038,0.7169705028279707,0.03279731796632758,0.9853686054721843,0.1319150227469436,0.3345898684325246,0.3244764596604296,positive
0.8755536967489134,0.7718084984112923,0.39738038734317566,0.43640055732565836,0.5153283091105648,0.6040569223869986,0.6470771521659252,0.6793198864655062,negative
0.7219524674894512,0.8112902440640496,0.31483075702036256,0.5508808329836288,0.400410504539209,0.7856265557090866,0.8078748443133426,0.7858877275661459,negative
0.20404322776215847,0.32679063450557055,0.7451069934255977,0.19209326345033867,0.84206797632263,0.13073932909501512,0.300206053344481,0.19477406786543733,positive
0.06812792290159528,0.0984196742205245,0.7953937005809804,0.0,0.9215789153053647,0.10091969127707628,0.15049159297918746,0.3870287168866415,positive
0.8266722294804383,0.7344838360163695,0.20313084708238122,0.27523366847041936,0.3557969013532467,0.5423542807689568,0.5581548375302712,0.7503163033670766,negative
0.853824165977076,0.6975829493743206,0.1326087689417517,0.6302529807335829,0.16624976070644026,0.5305082231712385,0.7186481433309022,0.6748098871202441,negative
